{
  "n_queries": 18,
  "hit_at_1": 0.6666666666666666,
  "hit_at_3": 0.8333333333333334,
  "hit_at_5": 0.9444444444444444,
  "hit_at_10": 1.0,
  "recall_at_10": 1.0,
  "mrr_at_10": 0.778395061728395,
  "ndcg_at_10": 0.8315291594915243,
  "precision_at_10": 0.1,
  "page_hit_at_10": 0.8888888888888888,
  "encounter_hit_at_10": 0.8888888888888888,
  "duplicate_result_ratio": 0.0,
  "mean_first_relevant_rank": 2.0555555555555554,
  "page_overlap_accuracy": 0.7777777777777778,
  "missed_queries": [],
  "avg_latency_sec": 1.0823280518888572,
  "p95_latency_sec": 1.8774230320000243
}